Date,DayName,Title,Apostle,Gospel,Matins,Prophecies
2026-01-01,Thu,"Обрізання Господнє. Свт. Василія Великого","Кол.; 254 зач.; 2:8-12; Євр.; 318 зач.; 7:26 – 8:2 Гал. 213 зач. 5:22-6:2","Лк.; 6 зач.; 2:20-21, 40-52; Ін.; 36 зач.; 10:9-16 Лк. 24 зач. 6:17-23","[Feast]: Ін. 35 зач.; 10:1-9",""
2026-01-02,Fri,"Передсвято Богоявлення. Свт. Сильвестра, папи Римського","Євр.; 326 зач.; 10:35 – 11:7; Євр.; 327 зач.; 11:8, 11-16; Євр.; 318 зач.; 7:26 – 8:2; 2 Тим.; 290 зач.; 1:1-2, 8-18","Мк.; 39 зач.; 9:10-16; Мк.; 41 зач.; 9:33-41; Ін.; 8 зач.; 3:1-15; Лк.; 95 зач.; 19:12-28","",""
2026-01-03,Sat,"Субота перед Богоявленням. Прор. Малахії","1 Тим.; 284 зач.; 3:14 – 4:5; 2 Тим.; 292 зач.; 2:1-10; Гал.; 213 зач.; 5:22-6:2","Мф.; 5 зач.; 3:1-11; Мф.; 36 зач.; 10:16-22; Лк.; 51 (від пол.) зач.; 10:19-21","",""
2026-01-04,Sun,"Неділя перед Богоявленням. Собор 70-ти апостолів","2 Тим.; 298 зач.; 4:5-8; Рим.; 96 зач.; 8:3-9","Мк.; 1 зач.; 1:1-8; Лк.; 50 зач.; 10:1-15","Єв. 8-е: Ін., 64 зач., XX, 11-18",""
2026-01-05,Mon,"Навечір'я Богоявлення (Хрещенський святвечір)","1 Кор.; 143 зач.; 9:19-27","Лк.; 9 зач.; 3:1-18; Мк.; 2 зач.; 1:9-11","","[Royal] Іс. 35:1-10 (1-й час); [Royal] Іс. 1:16-20 (3-й час); [Royal] Іс. 12:3-6 (6-й час); [Royal] Іс. 49:8-15 (9-й час); [Vechirnia] Бут. 1:1-13; [Vechirnia] Вих. 14:15-18, 21-23, 27-29; [Vechirnia] Вих. 15:22-16:1; [Vechirnia] Іс. Нав. 3:7-8, 15-17; [Vechirnia] 4 Цар. 2:6-14; [Vechirnia] 4 Цар. 5:9-14; [Vechirnia] Іс. 1:16-20; [Vechirnia] Бут. 32:1-10; [Vechirnia] Вих. 2:5-10; [Vechirnia] Суд. 6:36-40; [Vechirnia] 3 Цар. 18:30-39; [Vechirnia] 4 Цар. 2:19-22; [Vechirnia] Іс. 49:8-15"
2026-01-06,Tue,"БОГОЯВЛЕННЯ. Хрещення Господнє","Тит.; 302 зач.; 2:11-14 3:4-7; 1 Кор.; 143 зач.; 10:1-4","Мф.; 6 зач.; 3:13-17; Мк.; 2 зач.; 1:9-11","[Feast]: Мк. 2 зач.; 1:9-11",""
2026-01-07,Wed,"Собор Предтечі і Хрестителя Господнього Іоана","Діян.; 42 зач.; 19:1-8; Як.; 50 зач.; 1:1-18","Ін.; 3 зач.; 1:29-34; Мк.; 44 зач.; 10:11-16","",""
2026-01-08,Thu,"Прп. Георгія. Прп. Домніки","Як.; 51 зач.; 1:19-27","Мк.; 45 зач.; 10:17-27","",""
2026-01-09,Fri,"Мч. Полієвкта","Як.; 52 зач.; 2:1-13","Мк.; 46 зач.; 10:24-32","",""
2026-01-10,Sat,"Субота після Богоявлення. Свт. Григорія, єп. Ниського","Еф.; 233 зач.; 6:10-17; 1 Кор.; 151 зач.; 12:7-11; Еф.; 218 зач.; 1:16-23","Мф.; 7 зач.; 4:1-11; Мф.; 34 зач.; 10:1-8; Лк.; 67 зач.; 12:32-40","",""
2026-01-11,Sun,"Неділя після Богоявлення. Прп. Феодосія Великого","Еф.; 224 зач.; 4:7-13; 2 Кор.; 176 зач.; 4:6-15","Мф.; 8 зач.; 4:12-17; Мф.; 43 зач.; 11:27-30","Єв. 9-е: Ін., 65 зач., XX, 19-31",""
2026-01-12,Mon,"Мц. Тетяни","Євр.; 308 зач.; 3:5-11, 17-19","Лк.; 102 зач.; 20:27-44","",""
2026-01-13,Tue,"Мчч. Єрмила та Стратоніка","Євр.; 310 зач.; 4:1-13; Рим.; 99 зач.; 8:28-39","Лк.; 106 зач.; 21:12-19; Лк.; 24 зач.; 6:17-23","",""
2026-01-14,Wed,"Віддання свята Богоявлення. Рівноап. Ніни","Євр.; 312 зач.; 5:11 – 6:8; 1 Кор.; 131 зач.; 4:9-16","Лк.; 104 зач.; 21:5-7, 10-11, 20-24; Мф.; 104 зач.; 25:1-13","[Feast]: Мф. 34 зач.; 10:1-8",""
2026-01-15,Thu,"Прп. Павла Фівейського","Євр.; 315 зач.; 7:1-6; Гал.; 213 зач.; 5:22 – 6:2","Лк.; 107 зач.; 21:28-33; Мф.; 43 зач.; 11:27-30","",""
2026-01-16,Fri,"Поклоніння оковам ап. Петра","Євр.; 317 зач.; 7:18-25; Діян.; 29 зач.; 12:1-11","Лк.; 108 зач.; 21:37 – 22:8; Ін.; 67 зач.; 21:15-25","",""
2026-01-17,Sat,"Прп. Антонія Великого","Євр.; 335 зач.; 13:17-21; Еф.; 220 зач.; 2:11-13","Лк.; 24 зач.; 6:17-23; Лк.; 72 зач.; 13:18-29","[Feast]: Мф. 43 зач.; 11:27-30",""
2026-01-18,Sun,"32-га неділя. Свтт. Афанасія та Кирила","Кол.; 257 зач.; 3:4-11; Євр.; 334 зач.; 13:7-16","Лк.; 85 зач.; 17:12-19; Мф.; 11 зач.; 5:14-19","Єв. 10-е: Ін., 66 зач., XXI, 1-14",""
2026-01-19,Mon,"Прп. Макарія Великого","Як.; 53 зач.; 2:14-26; Гал.; 213 зач.; 5:22 – 6:2","Мк.; 48 зач.; 10:46-52; Мф.; 43 зач.; 11:27-30","[Feast]: Лк. 24 зач.; 6:17-23",""
2026-01-20,Tue,"Прп. Євфимія Великого","Як.; 54 зач.; 3:1-10; Євр.; 335 зач.; 13:17-21","Мк.; 50 зач.; 11:11-23; Лк.; 24 зач.; 6:17-23","",""
2026-01-21,Wed,"Прп. Максима Сповідника","Як.; 55 зач.; 3:11 – 4:6; Євр.; 330 зач.; 11:33 – 12:2","Мк.; 51 зач.; 11:23-26; Лк.; 64 зач.; 12:8-12","",""
2026-01-22,Thu,"Ап. Тимофія","Як.; 56 зач.; 4:7 – 5:9; 2 Тим.  (від пол.); 290 зач.; 1:3-9","Мк.; 52 зач.; 11:27-33; Лк.; 50 зач.; 10:1-15","",""
2026-01-23,Fri,"Сщмч. Климента","1 Пет.; 58 зач.; 1:1-2, 10-12 2:6-10","Мк.; 53 зач.; 12:1-12","",""
2026-01-24,Sat,"Прп. Ксенії Римлянки","1 Сол.; 273 зач.; 5:14-23","Лк.; 84 зач.; 17:3-10","",""
2026-01-25,Sun,"33-тя неділя. Свт. Григорія Богослова","1 Тим.  (від пол.); 285 зач.; 4:9-15; 1 Кор.; 151 зач.; 12:7-11","Лк.; 94 зач.; 19:1-10; Ін.; 36 зач.; 10:9-16","Єв. 11-е: Ін., 67 зач., XXI, 15-25",""
2026-01-26,Mon,"Прп. Ксенофонта і Марії","1 Пет.; 59 зач.; 2:21 – 3:9","Мк.; 54 зач.; 12:13-17","",""
2026-01-27,Tue,"Перенесення мощів свт. Іоана Золотоустого","1 Пет.; 60 зач.; 3:10-22; Євр.; 318 зач.; 7:26 – 8:2","Мк.; 55 зач.; 12:18-27; Ін.; 36 зач.; 10:9-16","[Feast]: Ін. 35 зач. (від пол.); 10:1-9",""
2026-01-28,Wed,"Прп. Єфрема Сиріна","1 Пет.; 61 зач.; 4:1-11","Мк.; 56 зач.; 12:28-37","",""
2026-01-29,Thu,"Перенесення мощів сщмч. Ігнатія Богоносця","1 Пет.; 62 зач.; 4:12 – 5:5; 2 Пет.; 64 зач.; 1:1-10; Євр.  (з пол.); 311 зач.; 4:14 – 5:6","Мк.; 57 зач.; 12:38-44; Мк.; 58 зач.; 13:1-8; Мк.; 41 зач.; 9:33-41","",""
2026-01-30,Fri,"Собор трьох святителів","Євр.; 334 зач.; 13:7-16","Мф.; 11 зач.; 5:14-19","[Feast]: Ін. 36 зач.; 10:9-16",""
2026-01-31,Sat,"Безсрр. Кира та Іоана","1 Кор.; 153 зач.; 12:27 – 13:8; 2 Тим.; 293 зач.; 2:11-19","Мф.  (від пол.); 34 зач.; 10:1, 5-8; Лк.; 88 зач.; 18:2-8","",""
2026-02-01,Sun,"Передсвято Стрітення Господнього. Мч. Трифона","2 Тим.; 296 зач.; 3:10-15; Мч; 96 зач.; Рим.  8:28-39","Лк.; 89 зач.; 18:10-14; Мч; 52 зач.; Лк.  10:19-21","Єв. 1-е: Мф., 116 зач., XXVIII, 16-20",""
2026-02-02,Mon,"Стрітення Господнє","Євр.; 316 зач.; 7:7-17","Лк.; 7 зач.; 2:22-40","[Feast]: Лк. 8 зач.; 2:25-32",""
2026-02-03,Tue,"Післясвято Стрітення. Симеона Богоприїмця і Анни Пророчиці","Євр.; 320 зач.; 9:1-7; 2 Пет.; 67 зач.; 2:9-22","Лк.; 8 зач.; 2:25-32; Мк.; 60 зач.; 13:14-23","",""
2026-02-04,Wed,"Прп. Ісидора Пелусіота. Прп. Миколи Сповідника","2 Пет.; 68 зач.; 3:1-18","Мк.; 61 зач.; 13:24-31","",""
2026-02-05,Thu,"Свт. Феодосія, архієп. Чернігівського","Євр.; 335 зач.; 13:17-21; 1 Ін.; 69 зач.; 1:8-2:6","Ін.; 36 зач.; 10:9-16; Мк.; 62 зач.; 13:31-14:2","",""
2026-02-06,Fri,"Прп. Вукола. Прп. Варсонофія Великого","1 Ін.; 70 зач.; 2:7-17","Мк.; 63 зач.; 14:3-9","",""
2026-02-07,Sat,"Прп. Партенія. Прп. Луки Елладського","2 Тим.; 295 зач.; 3:1-9","Лк.; 103 зач.; 20:45-21:4","",""
2026-02-08,Sun,"Вмч. Феодора Стратилата. Прор. Захарії","1 Кор.; 135 зач.; 6:12-20; 2 Тим.; 292 зач.; 2:1-10","Лк.; 79 зач.; 15:11-32; Мф.; 36 зач.; 10:16-22","Єв. 2-е: Мк., 70 зач., XVI, 1-8",""
2026-02-09,Mon,"Мч. Никифора. Віддання свята Стрітення","1 Ін.; 71 зач.; 2:18-3:10","Мк.; 49 зач.; 11:1-11","",""
2026-02-10,Tue,"Сщмч. Харалампія","2 Тим.; 292 зач.; 2:1-10; 1 Ін.; 72 зач.; 3:10-20","Ін.; 52 зач.; 15:17-16:2; Мк.; 64 зач.; 14:10-42","",""
2026-02-11,Wed,"Сщмч. Власія Севастійського","Євр.; 335 зач.; 13:17-21; 1 Ін.; 73 зач.; 3:21-4:6","Ін.; 36 зач.; 10:9-16; Мк.; 65 зач.; 14:43-15:1","",""
2026-02-12,Thu,"Свт. Мелетія Антіохійського","Євр.; 318 зач.; 7:26-8:2; 1 Ін.; 74 зач.; 4:20-5:21","Ін.; 36 зач.; 10:9-16; Мк.; 66 зач.; 15:1-15","",""
2026-02-13,Fri,"Прп. Мартиніана","Гал.; 213 зач.; 5:22-6:2; 2 Ін.; 75 зач.; 1:1-13","Мф.; 10 зач.; 4:25-5:12; Мк.; 68 зач.; 15:22, 25, 33-41","",""
2026-02-14,Sat,"Рівноап. Кирила, учителя слов'янського. Прп. Авксентія","1 Кор.; 146 270 зач.; 10:23-28 1 Сол. 4:13-17","Лк.; 105 16 зач.; 21:8-9, 25-27, 33-36 Ін. 5:24-30","",""
2026-02-15,Sun,"Ап. від 70-ти Онисима. Прп. Пафнутія","1 Кор.; 140 зач.; 8:8-9:2","Мф.; 106 зач.; 25:31-46","Єв. 3-є: Мк., 71 зач., XVI, 9-20",""
2026-02-16,Mon,"Мчч. Памфила, Порфирія та ін.","3 Ін.; 76 зач.; 1:1-15","Лк.; 96 зач.; 19:29-40, 22:7-39","",""
2026-02-17,Tue,"Вмч. Феодора Тирона","2 Тим.; 292 зач.; 2:1-10; Юди; 77 зач.; 1:1-10","Ін.; 52 зач.; 15:17-16:2; Лк.; 109 зач.; 22:39-42, 22:45-23:1","",""
2026-02-18,Wed,"Свт. Лева, папи Римського","","","",""
2026-02-19,Thu,"Ап. від 70-ти Архіппа","Юди; 78 зач.; 1:11-25","Лк.; 110 зач.; 23:1-34, 44-56","","[6-y chas] Зах. 8:7-17; [Vechirnia] Зах. 8:19-23"
2026-02-20,Fri,"Прп. Лева, єп. Катанського. Блгв. кн. Ярослава Мудрого","","","",""
2026-02-21,Sat,"Прп. Тимофія. Свт. Євстафія","Рим.; 115 213 зач.; 14:19-26 Гал. 5:22-6:2","Мф.; 16 10 зач.; 6:1-13 Мф. 4:25-5:12","",""
2026-02-22,Sun,"Віднайдення мощей мчч., що в Євгенії. Предтечі","Рим.; 112 зач.; 13:11-14:4; 2 Кор.; 176 зач.; 4:6-15","Мф.; 17 зач.; 6:14-21; Мф.; 40 зач.; 11:2-15","Єв. 4-е: Лк., 112 зач., XXIV, 1-12",""
2026-02-23,Mon,"Сщмч. Полікарпа Смирнського","","","","[6-y chas] Іс. 1:1-20; [Vechirnia] Бут. 1:1-13; [Vechirnia] Притч. 1:1-20"
2026-02-24,Tue,"Перше і друге знайдення чесної глави Іоана Предтечі","","","[Feast]: Мф. 40 зач.; 11:2-15","[6-y chas] Іс. 1:19-31; [Vechirnia] Бут. 1:14-23; [Vechirnia] Притч. 1:20-33"
2026-02-25,Wed,"Літургія Ранішосвячених Дарів (або не звершується)","","","","[6-y chas] Іс. 2:3-11; [Vechirnia] Бут. 1:24-2:3; [Vechirnia] Притч. 2:1-22"
2026-02-26,Thu,"Літургія Ранішосвячених Дарів (або не звершується)","","","","[6-y chas] Іс. 2:11-21; [Vechirnia] Бут. 2:4-19; [Vechirnia] Притч. 3:1-18"
2026-02-27,Fri,"Літургія Ранішосвячених Дарів (або не звершується)","","","","[6-y chas] Іс. 3:1-14; [Vechirnia] Бут. 2:20-3:20; [Vechirnia] Притч. 3:19-34"
2026-02-28,Sat,"","2 Кор.; 176 зач.; 4:6-15; Євр.; 303 зач.; 1:1-12","Мф.; 40 зач.; 11:2-15; Мк.; 10 зач.; 2:23-3:5","",""
2026-03-01,Sun,"Прпмц. Євдокії","Євр.; 329 (від пол.) зач.; 11:24-26, 11:32-12:2","Ін.; 5 зач.; 1:43-51","Єв. 5-е: Лк., 113 зач., XXIV, 12-35",""
2026-03-02,Mon,"Літургія Ранішосвячених Дарів (або не звершується)","","","","[6-y chas] Іс. 4:2-5:7; [Vechirnia] Бут. 3:21-4:7; [Vechirnia] Притч. 3:34-4:22"
2026-03-03,Tue,"Літургія Ранішосвячених Дарів (або не звершується)","","","","[6-y chas] Іс. 5:7-16; [Vechirnia] Бут. 4:8-15; [Vechirnia] Притч. 5:1-15"
2026-03-04,Wed,"Літургія Ранішосвячених Дарів (або не звершується)","","","","[6-y chas] Іс. 5:16-25; [Vechirnia] Бут. 4:16-26; [Vechirnia] Притч. 5:15-6:3"
2026-03-05,Thu,"Літургія Ранішосвячених Дарів (або не звершується)","","","","[6-y chas] Іс. 6:1-12; [Vechirnia] Бут. 5:1-24; [Vechirnia] Притч. 6:3-20"
2026-03-06,Fri,"Літургія Ранішосвячених Дарів (або не звершується)","","","","[6-y chas] Іс. 7:1-14; [Vechirnia] Бут. 5:32-6:8; [Vechirnia] Притч. 6:20-7:1"
2026-03-07,Sat,"","Євр.; 331 зач.; 12:1-10; Євр.; 309 зач.; 3:12-16","Мф.; 80 зач.; 20:1-16; Мк.; 6 зач.; 1:35-44","",""
2026-03-08,Sun,"Прп. Феофілакта сповідника, єп. Нікомидійського","Євр.; 304 318 зач.; 1:10-2:3 Євр. 7:26-8:2","Мк.; 7 36 зач.; 2:1-12 Ін. 10:9-16","Єв. 6-е: Лк., 114 зач., XXIV, 36-53",""
2026-03-09,Mon,"40 мучеників Севастійських","","","[Feast]: Лк. 106 зач.; 21:12-19","[6-y chas] Іс. 8:13-9:7; [Vechirnia] Бут. 6:9-22; [Vechirnia] Притч. 8:1-21"
2026-03-10,Tue,"Літургія Ранішосвячених Дарів (або не звершується)","","","","[6-y chas] Іс. 9:9-10:4; [Vechirnia] Бут. 7:1-5; [Vechirnia] Притч. 8:32-9:11"
2026-03-11,Wed,"Літургія Ранішосвячених Дарів (або не звершується)","","","","[6-y chas] Іс. 10:12-20; [Vechirnia] Бут. 7:6-9; [Vechirnia] Притч. 9:12-18"
2026-03-12,Thu,"Літургія Ранішосвячених Дарів (або не звершується)","","","","[6-y chas] Іс. 11:10-12:2; [Vechirnia] Бут. 7:11-8:3; [Vechirnia] Притч. 10:1-22"
2026-03-13,Fri,"Літургія Ранішосвячених Дарів (або не звершується)","","","","[6-y chas] Іс. 13:2-13; [Vechirnia] Бут. 8:4-21; [Vechirnia] Притч. 10:31-11:12"
2026-03-14,Sat,"Прп. Венедикта Нурсійського","Євр.; 325 зач.; 10:32-38","Мк.; 8 зач.; 2:14-17","",""
2026-03-15,Sun,"Мч. Агапія і з ним семи мучеників","Євр.; 311 зач.; 4:14-5:6","Мк.; 37 зач.; 8:34-9:1","Єв. 7-е: Ін., 63 зач., XX, 1-10",""
2026-03-16,Mon,"Літургія Ранішосвячених Дарів (або не звершується)","","","","[6-y chas] Іс. 14:24-32; [Vechirnia] Бут. 8:21-9:7; [Vechirnia] Притч. 11:19-12:6"
2026-03-17,Tue,"Прп. Олексія, чоловіка Божого","","","","[6-y chas] Іс. 25:1-9; [Vechirnia] Бут. 9:8-17; [Vechirnia] Притч. 12:8-22"
2026-03-18,Wed,"Літургія Ранішосвячених Дарів (або не звершується)","","","","[6-y chas] Іс. 26:21-27:9; [Vechirnia] Бут. 9:18-10:1; [Vechirnia] Притч. 12:23-13:9"
2026-03-19,Thu,"Літургія Ранішосвячених Дарів (або не звершується)","","","","[6-y chas] Іс. 28:14-22; [Vechirnia] Бут. 10:32-11:9; [Vechirnia] Притч. 13:20-14:6"
2026-03-20,Fri,"Літургія Ранішосвячених Дарів (або не звершується)","","","","[6-y chas] Іс. 29:13-23; [Vechirnia] Бут. 12:1-7; [Vechirnia] Притч. 14:15-26"
2026-03-21,Sat,"Прп. Якова, єп. Катанського (Горохівського)","Євр.; 313 зач.; 6:9-12","Мк.; 31 зач.; 7:31-37","",""
2026-03-22,Sun,"Сщмч. Василія, пресвітера Анкірського","Євр.; 314 зач.; 6:13-20","Мк.; 40 зач.; 9:17-31","Єв. 8-е: Ін., 64 зач., XX, 11-18",""
2026-03-23,Mon,"Літургія Ранішосвячених Дарів (або не звершується)","","","","[6-y chas] Іс. 37:33-38:6; [Vechirnia] Бут. 13:12-18; [Vechirnia] Притч. 14:27-15:4"
2026-03-24,Tue,"Літургія Ранішосвячених Дарів (або не звершується)","","","","[6-y chas] Іс. 40:18-31; [Vechirnia] Бут. 15:1-15; [Vechirnia] Притч. 15:7-19"
2026-03-25,Wed,"Благовіщення Пресвятої Богородиці","Євр.; 306 зач.; 2:11-18","Лк.; 3 зач.; 1:26-38","[Feast]: Лк. 4 зач.; 1:39-49, 56","[6-y chas] Іс. 41:4-14; [Vechirnia] Бут. 17:1-9; [Vechirnia] Притч. 15:20-16:9"
2026-03-26,Thu,"Собор архангела Гавриїла","","","","[6-y chas] Іс. 42:5-16; [Vechirnia] Бут. 18:20-33; [Vechirnia] Притч. 16:17-17:17"
2026-03-27,Fri,"Літургія Ранішосвячених Дарів (або не звершується)","","","","[6-y chas] Іс. 45:11-17; [Vechirnia] Бут. 22:1-18; [Vechirnia] Притч. 17:17-18:5"
2026-03-28,Sat,"Прп. Іларіона Нового. Прп. Стефана чудотворця","Євр.; 322 зач.; 9:24-28","Мк.; 35 зач.; 8:27-31","",""
2026-03-29,Sun,"Сщмч. Марка, єп. Арефусійського","Євр.; 321 (від пол.) зач.; 9:11-14","Мк.; 47 зач.; 10:32-45","Єв. 9-е: Ін., 65 зач., XX, 19-31",""
2026-03-30,Mon,"Літургія Ранішосвячених Дарів (або не звершується)","","","","[6-y chas] Іс. 48:17-49:4; [Vechirnia] Бут. 27:1-41; [Vechirnia] Притч. 19:16-25"
2026-03-31,Tue,"Літургія Ранішосвячених Дарів (або не звершується)","","","","[6-y chas] Іс. 49:6-10; [Vechirnia] Бут. 31:3-16; [Vechirnia] Притч. 21:3-21"
2026-04-01,Wed,"Прп. Марії Єгипетської","","","","[6-y chas] Іс. 58:1-11; [Vechirnia] Бут. 43:26-31; 45:1-16; [Vechirnia] Притч. 21:23-22:4"
2026-04-02,Thu,"Літургія Ранішосвячених Дарів (або не звершується)","","","","[6-y chas] Іс. 65:8-16; [Vechirnia] Бут. 46:1-7; [Vechirnia] Притч. 23:15-24:5"
2026-04-03,Fri,"Літургія Ранішосвячених Дарів (або не звершується)","","","","[6-y chas] Іс. 66:10-24; [Vechirnia] Бут. 49:33-50:26; [Vechirnia] Притч. 31:8-32"
2026-04-04,Sat,"Прп. Йосифа Піснoписця. Прп. Георгія, що в Малеї","Євр.; 333 (від пол.) зач.; 12:28-13:8","Ін.; 39 зач.; 11:1-45","",""
2026-04-05,Sun,"Вхід Господній в Єрусалим","Флп.; 247 зач.; 4:4-9","Ін.; 41 зач.; 12:1-18","Єв. 10-е: Ін., 66 зач., XXI, 1-14",""
2026-04-06,Mon,"Великий понеділок","","","Раннє Євангеліє: Мф. 24:3-35 (зач. 98)","[6-y chas] Єз. 1:1-20; [Vechirnia] Вих. 1:1-20; [Vechirnia] Іов. 1:1-12"
2026-04-07,Tue,"Великий вівторок","","","Раннє Євангеліє: Мф. 24:36-26:2 (зач. 102)","[6-y chas] Єз. 1:21-28; [Vechirnia] Вих. 2:5-10; [Vechirnia] Іов. 1:13-22"
2026-04-08,Wed,"Велика середа","","","Раннє Євангеліє: Ін. 12:17-50","[6-y chas] Єз. 2:3-3:3; [Vechirnia] Вих. 2:11-22; [Vechirnia] Іов. 2:1-10"
2026-04-09,Thu,"Великий четвер. Спомин Тайної Вечері","1 Кор.; 149 зач.; 11:23-32","Мф.; 107 зач.; 26:1-20, Ін. 13:3-17, Мф. 26:21-39, Лк. 22:43-45, Мф. 26:40-27:2","","[Vechirnia] Вих. 19:10-19; [Vechirnia] Іов. 38:1-23; 42:1-5; [Vechirnia] Іс. 50:4-11"
2026-04-10,Fri,"Велика п'ятниця. Спомин Святих спасительних Страстей Господа нашого Ісуса Христа","","","Раннє Євангеліє: 12 Страсних Євангелій: Ін. 13:31-18:1; Ін. 18:1-28; Мф. 26:57-75; Ін. 18:28-19:16; Мф. 27:3-32; Мк. 15:16-32; Мф. 27:33-54; Лк. 23:32-49; Ін. 19:25-37; Мк. 15:43-47; Ін. 19:38-42; Мф. 27:62-66","[Royal] 1-й час: Зах. 11:10-13; Гал. 6:14-18; Мф. 27:1-56; [Royal] 3-й час: Іс. 50:4-11; Рим. 5:6-11; Мк. 15:16-41; [Royal] 6-й час: Іс. 52:13-54:1; Євр. 2:11-18; Лк. 23:32-49; [Royal] 9-й час: Єр. 11:18-12:5; Євр. 10:19-31; Ін. 19:23-37; [Vechirnia] Вих. 33:11-23; [Vechirnia] Іов. 42:12-17; [Vechirnia] Іс. 52:13-54:1; [Vechirnia] 1 Кор. 1:18-2:2; [Vechirnia] Мф. 27:1-38; Лк. 23:39-43; Мф. 27:39-54; Ін. 19:31-37; Мф. 27:55-61"
2026-04-11,Sat,"Велика субота. Спомин погребіння Господа нашого Ісуса Христа","Рим.; 91 зач.; 6:3-11","Мф.; 115 зач.; 28:1-20","","[Vechirnia] Бут. 1:1-13; [Vechirnia] Іс. 60:1-16; [Vechirnia] Вих. 12:1-11; [Vechirnia] Іона 1:1-4:11; [Vechirnia] Іс. Нав. 5:10-15; [Vechirnia] Вих. 13:20-15:19; [Vechirnia] Соф. 3:8-15; [Vechirnia] 3 Цар. 17:8-24; [Vechirnia] Іс. 61:10-62:5; [Vechirnia] Бут. 22:1-18; [Vechirnia] Іс. 61:1-9; [Vechirnia] 4 Цар. 4:8-37; [Vechirnia] Іс. 63:11-64:5; [Vechirnia] Єр. 31:31-34; [Vechirnia] Дан. 3:1-88"
2026-04-12,Sun,"СВІТЛЕ ХРИСТОВЕ ВОСКРЕСІННЯ. ПАСХА.","Діян.; 1 зач.; 1:1-8","Ін.; 1 зач.; 1:1-17","",""
2026-04-13,Mon,"","Діян.; 2 зач.; 1:12-17, 21-26","Ін.; 2 зач.; 1:18-28","",""
2026-04-14,Tue,"","Діян.; 4 зач.; 2:14-21","Лк.; 113 зач.; 24:12-35","",""
2026-04-15,Wed,"","Діян.; 5 зач.; 2:22-36","Ін.; 4 зач.; 1:35-51","",""
2026-04-16,Thu,"","Діян.; 6 зач.; 2:38-43","Ін.; 8 зач.; 3:1-15","",""
2026-04-17,Fri,"","Діян.; 7 зач.; 3:1-8","Ін.; 7 зач.; 2:12-22","",""
2026-04-18,Sat,"","Діян.; 8 зач.; 3:11-16","Ін.; 11 зач.; 3:22-33","",""
2026-04-19,Sun,"Прп. Іоана Старопечерника","Діян.; 14 зач.; 5:12-20","Ін.; 65 зач.; 20:19-31","",""
2026-04-20,Mon,"Прп. Теодора Трихіни","Діян.; 9 зач.; 3:19-26","Ін.; 6 зач.; 2:1-11","",""
2026-04-21,Tue,"Сщмч. Януарія та з ним мучеників","Діян.; 10 зач.; 4:1-10","Ін.; 10 зач.; 3:16-21","",""
2026-04-22,Wed,"Прп. Теодора Сікеота. Ап. Нафанаїла","Діян.; 11 зач.; 4:13-22","Ін.; 15 зач.; 5:17-24","",""
2026-04-23,Thu,"Вмч. Юрія Переможця (Георгія)","Діян.; 29 зач.; 12:1-11; Діян.; 12 зач.; 4:23-31","Ін.; 52 зач.; 15:17 – 16:2; Ін.; 16 зач.; 5:24-30","[Feast]: Ін. 67 зач.; 21:15-25",""
2026-04-24,Fri,"","Діян.; 29 зач.; 12:1-11; Діян.; 13 зач.; 5:1-11","Ін.; 52 зач.; 15:17-16:2; Ін.; 17 зач.; 5:30-6:2","",""
2026-04-25,Sat,"Ап. і євангеліста Марка","1 Пет.; 63 зач.; 5:6-14; Діян.; 15 зач.; 5:21-33","Мк.; 23 зач.; 6:7-13; Ін.; 19 зач.; 6:14-27","[Feast]: Лк. 50 зач.; 10:1-15",""
2026-04-26,Sun,"","Діян.; 16 зач.; 6:1-7; Діян.; 29 зач.; 12:1-11","Мк.; 69 зач.; 15:43-16:8; Ін.; 52 зач.; 15:17-16:2","",""
2026-04-27,Mon,"","1 Кор.; 131 зач.; 4:9-16; Діян.; 17 зач.; 6:8-7:5, 7:47-60","Мф.; 56 зач.; 13:54-58; Ін.; 13 зач.; 4:46-54","",""
2026-04-28,Tue,"Апп. від 70-ти: Ясона і Сосипатра","Діян.; 18 зач.; 8:5-17","Ін.; 20 зач.; 6:27-33","",""
2026-04-29,Wed,"Дев'яти мучеників у Кизиці. Прп. Мемнона чудотворця","Євр.; 303 зач.; 1:1-12","Мк.; 10 зач.; 2:23-3:5","",""
2026-04-30,Thu,"Ап. Якова Зеведеєвого","Діян.; 29 зач.; 12:1-11; Діян.; 20 зач.; 8:26-39","Лк.; 40 зач.; 9:1-6; Ін.; 22 зач.; 6:40-44","",""
2026-05-01,Fri,"","1 Кор.; 156 зач.; 14:20-25; Діян.; 21 зач.; 8:40-9:19","Лк.; 14 зач.; 4:22 (від пол.)-30; Ін.; 23 зач.; 6:48-54","",""
2026-05-02,Sat,"","Рим.; 99 зач.; 8:28-39; Діян.; 22 зач.; 9:19-31","Ін.; 52 зач.; 15:17-16:2","",""
2026-05-03,Sun,"","Діян.; 23 зач.; 9:32-42; Євр.; 334 зач.; 13:7-16","Ін.; 14 зач.; 5:1-15; Мф.; 43 зач.; 11:27-30","",""
2026-05-04,Mon,"Мц. Пелагеї","Діян.; 24 зач.; 10:1-16","Ін.; 24 зач.; 6:56-69","",""
2026-05-05,Tue,"Вмц. Ірини","Діян.; 25 зач.; 10:21-33","Ін.; 25 зач.; 7:1-13","",""
2026-05-06,Wed,"","Діян.; 34 зач.; 14:6-18","Ін.; 26 зач.; 7:14-30","",""
2026-05-07,Thu,"","Євр.; 335 зач.; 13:17-21; Діян.; 26 зач.; 10:34-43","Лк.; 24 зач.; 6:17-23; Ін.; 29 зач.; 8:12-20","",""
2026-05-08,Fri,"Ап. і євангеліста Іоана Богослова","1 Ін.; 73 зач.; 4:12-19; Діян.; 27 зач.; 10:44-11:10","Ін.; 61 зач.; 19:25-27 21:24-25; Ін.; 30 зач.; 8:21-30","[Feast]: Ін. 67 зач.; 21:15-25",""
2026-05-09,Sat,"Перенесення мощей свт. Миколая Чудотворця","Євр.; 335 зач.; 13:17-21; Діян.; 29 зач.; 12:1-11","Лк.; 24 зач.; 6:17-23; Ін.; 31 зач.; 8:31-42","[Feast]: Ін. 35 зач. (від пол.); 10:1-9",""
2026-05-10,Sun,"","Діян.; 28 зач.; 11:19-26, 29-30; 1 Кор.; 131 зач.; 4:9-16","Ін.; 12 зач.; 4:5-42; Мф.; 56 зач.; 13:53-58","",""
2026-05-11,Mon,"Рівноапп. Кирила і Мефодія, вчителів слов’янських","Євр.; 318 зач.; 7:26 – 8:2; Діян.; 30 зач.; 12:12-17","Мф.; 11 зач.; 5:14-19; Ін.; 32 зач.; 8:42-51","",""
2026-05-12,Tue,"","Євр.; 318 зач.; 7:26-8:2; Діян.; 31 зач.; 12:25-13:12","Мф.; 11 зач.; 5:14-19; Ін.; 33 зач.; 8:51-59","",""
2026-05-13,Wed,"Мц. Гликерії","Діян.; 32 зач.; 13:13-24","Ін.; 18 зач.; 6:5-14","",""
2026-05-14,Thu,"Мч. Ісидора","Діян.; 35 зач.; 14:20-27","Ін.; 35 зач.; 9:39-10:9","",""
2026-05-15,Fri,"","2 Тим.; 292 зач.; 2:1-10; Діян.; 36 зач.; 15:5-34","Ін.; 52 зач.; 15:17-16:2; Ін.; 37 зач.; 10:17-28","",""
2026-05-16,Sat,"Прп. Феодора Освяченого","Діян.; 37 зач.; 15:35-41","Ін.; 38 зач.; 10:27-38","",""
2026-05-17,Sun,"Ап. Андроніка та інших з ним","Діян.; 38 зач.; 16:16-34","Ін.; 34 зач.; 9:1-38","",""
2026-05-18,Mon,"Мч. Феодота Анкірського. Мчч. Петра, Діонісія та ін.","Діян.; 39 зач.; 17:1-15","Ін.; 40 зач.; 11:47-57","",""
2026-05-19,Tue,"","Гал.; 213 зач.; 5:22-6:2; Діян.; 40 (від пол.) зач.; 17:19-28","Лк.; 24 зач.; 6:17-23; Ін.; 42 зач.; 12:19-36","",""
2026-05-20,Wed,"","Діян.; 41 зач.; 18:22-28","Ін.; 43 зач.; 12:36-47","",""
2026-05-21,Thu,"Вознесіння Господнє. Рівноапп. Костянтина і Олени","Діян.; 1 зач.; 1:1-12; Діян.; 49 зач.; 26:1-5, 12-20","Лк.; 114 зач.; 24:36-53; Ін.  (від пол.); 35 зач.; 10:1-9","",""
2026-05-22,Fri,"Мч. Василіска","Діян.; 42 зач.; 19:1-8","Ін.; 47 зач.; 14:1-11","",""
2026-05-23,Sat,"","Євр.; 318 зач.; 7:26-8:2; Діян.; 43 зач.; 20:7-12","Мф.; 11 зач.; 5:14-19; Ін.; 48 зач.; 14:10-21","",""
2026-05-24,Sun,"Прп. Микити, стовпника Переяславського","Гал.; 213 зач.; 5:22 – 6:2; Діян.; 44 зач.; 20:16-18, 20:28-36","Мф.; 43 зач.; 11:27-30; Ін.; 56 зач.; 17:1-13","",""
2026-05-25,Mon,"","2 Кор.; 176 зач.; 4:6-15; Діян.; 45 зач.; 21:8-14","Мф.; 40 зач.; 11:2-15; Ін.; 49 зач.; 14:27-15:7","",""
2026-05-26,Tue,"Ап. від 70-ти Карпа. Вмч. Георгія Нового","Діян.; 46 зач.; 21:26-32","Ін.; 53 зач.; 16:2-13","",""
2026-05-27,Wed,"","Гал.; 213 зач.; 5:22-6:2; Діян.; 47 зач.; 23:1-11","Лк.; 24 зач.; 6:17-23; Ін.; 54 зач.; 16:15-23","",""
2026-05-28,Thu,"Прп. Микити сповідника, єп. Халкидонського. Сщмч. Євтихія","Діян.; 48 зач.; 25:13-19","Ін.; 55 зач.; 16:23-33","",""
2026-05-29,Fri,"Мц. Феодосії діви","Діян.; 50 зач.; 27:1-44","Ін.; 57 зач.; 17:18-26","",""
2026-05-30,Sat,"Прп. Ісаакія сповідника","Діян.; 51 зач.; 28:1-31","Ін.; 67 зач.; 21:15-25","",""
2026-05-31,Sun,"День Святої Трійці. П'ятдесятниця","Діян.; 3 зач.; 2:1-11","Ін.; 27 зач.; 7:37-52, 8:12","",""
2026-06-01,Mon,"День Святого Духа","Еф.; 229 зач.; 5:8-19","Мф.; 75 зач.; 18:10-20","",""
2026-06-02,Tue,"","Еф.; 233 зач.; 6:10-17; Рим.; 79 зач.; 1:1-7, 13-17","Мф.; 36 зач.; 10:16-22; Мф.; 10 зач.; 4:25-5:13","",""
2026-06-03,Wed,"Мч. Лукіліана. Мчч. Клавдія, Іпатія та ін.","Рим.; 80 зач.; 1:18-27","Мф.; 12 зач.; 5:20-26","",""
2026-06-04,Thu,"Свт. Митрофана, патр. Константинопольського","Рим.; 81 зач.; 1:28-2:9","Мф.; 13 зач.; 5:27-32","",""
2026-06-05,Fri,"Сщмч. Дорофея, єп. Тирського. Блж. Ігоря, кн. Чернігівського","Рим.; 82 зач.; 2:14-29","Мф.; 14 зач.; 5:33-41","",""
2026-06-06,Sat,"Прп. Віссаріона, чудотворця. Прп. Іларіона Нового","Рим.; 79 (від пол.) зач.; 1:7-12","Мф.; 15 зач.; 5:42-48","",""
2026-06-07,Sun,"Сщмч. Феодота, єп. Анкірського","Євр.; 330 зач.; 11:33-12:2","Мф.; 38 зач.; 10:32-33, 37-38, 19:27-30","Єв. 1-е: Мф., 116 зач., XXVIII, 16-20",""
2026-06-08,Mon,"","2 Тим.; 292 зач.; 2:1-10; Рим.; 83 зач.; 2:28-3:18","Мф.; 36 зач.; 10:16-22; Мф.; 19 зач.; 6:31-34, 7:9-11","",""
2026-06-09,Tue,"","Євр.; 334 зач.; 13:7-16; Рим.; 86 зач.; 4:4-12","Мф.; 11 зач.; 5:14-19; Мф.; 22 зач.; 7:15-21","",""
2026-06-10,Wed,"","Євр.; 335 зач.; 13:17-21; Рим.; 87 зач.; 4:13-25","Ін.; 36 зач.; 10:9-16; Мф.; 23 зач.; 7:21-23","",""
2026-06-11,Thu,"","Діян.; 28 зач.; 11:19-26, 29-30; Рим.; 89 зач.; 5:10-16","Лк.; 51 зач.; 10:16-21; Мф.; 27 зач.; 8:23-27","",""
2026-06-12,Fri,"","Гал.; 213 зач.; 5:22-6:2; Рим.; 90 зач.; 5:17-6:2","Мф.; 43 зач.; 11:27-30; Мф.; 31 зач.; 9:14-17","",""
2026-06-13,Sat,"Мц. Акилини. Свт. Трифилія","Рим.; 84 зач.; 3:19-26","Мф.; 20 зач.; 7:1-8","",""
2026-06-14,Sun,"","Рим.; 81 (від пол.) зач.; 2:10-16","Мф.; 9 зач.; 4:18-23","Єв. 2-е: Мк., 70 зач., XVI, 1-8",""
2026-06-15,Mon,"Прор. Амоса. Свт. Іони, митр. Київського","Рим.; 102 зач.; 9:18-33","Мф.; 40 зач.; 11:2-15","",""
2026-06-16,Tue,"","Євр.; 318 зач.; 7:26-8:2; Рим.; 95 зач.; 7:14-8:2","Ін.; 36 зач.; 10:9-16; Мф.; 35 зач.; 10:9-15","",""
2026-06-17,Wed,"","Євр.; 318 зач.; 7:26-8:2; Рим.; 96 зач.; 8:2-13","Ін.; 36 зач.; 10:9-16; Мф.; 36 зач.; 10:16-22","",""
2026-06-18,Thu,"","Євр.; 318 зач.; 7:26-8:2; Рим.; 98 зач.; 8:22-27","Ін.; 36 зач.; 10:9-16; Мф.; 37 зач.; 10:23-31","",""
2026-06-19,Fri,"","Євр.; 318 зач.; 7:26-8:2; Рим.; 101 зач.; 9:6-19","Ін.; 36 зач.; 10:9-16; Мф.; 38 зач.; 10:32-36, 11:1","",""
2026-06-20,Sat,"","Євр.; 318 зач.; 7:26-8:2; Рим.; 85 зач.; 3:28-4:3","Ін.; 36 зач.; 10:9-16; Мф.; 24 зач.; 7:24-8:4","",""
2026-06-21,Sun,"","Рим.; 88 зач.; 5:1-10; Євр.; 318 зач.; 7:26-8:2","Мф.; 18 зач.; 6:22-33; Ін.; 36 зач.; 10:9-16","Єв. 3-є: Мк., 71 зач., XVI, 9-20",""
2026-06-22,Mon,"","Євр.; 318 зач.; 7:26-8:2; Рим.; 109 зач.; 12:4-5, 15-21","Ін.; 36 зач.; 10:9-16; Мф.; 45 зач.; 12:9-13","",""
2026-06-23,Tue,"Мц. Агрипини. Вишгородської (Володимирської) ікони Божої Матері","Рим.; 114 зач.; 14:9-18","Мф.; 46 зач.; 12:14-16,22-30","",""
2026-06-24,Wed,"Різдво Іоана Предтечі","Рим.; 112 зач.; 13:11 – 14:4","Лк.; 1 зач.; 1:5-25, 57-68, 76, 80","[Feast]: Лк. 3 зач.; 1:24-25, 57-68, 76, 80",""
2026-06-25,Thu,"","Гал.; 213 зач.; 5:22-6:2; Рим.; 106 зач.; 11:13-24","Мф.; 10 зач.; 4:25-5:12; Мф.; 43 зач.; 11:27-30","",""
2026-06-26,Fri,"","Флп.; 240 зач.; 2:5-11; Рим.; 107 зач.; 11:25-36","Лк.; 54 зач.; 10:38-42, 11:27-28; Мф.; 44 зач.; 12:1-8","",""
2026-06-27,Sat,"","Гал.; 213 зач.; 5:22-6:2; Рим.; 92 зач.; 6:11-17","Лк.; 67 зач.; 12:32-40; Мф.; 26 зач.; 8:14-23","",""
2026-06-28,Sun,"","Рим.; 93 зач.; 6:18-23","Мф.; 25 зач.; 8:5-13","Єв. 4-е: Лк., 112 зач., XXIV, 1-12",""
2026-06-29,Mon,"","2 Кор.; 193 зач.; 11:21-12:9","Мф.; 67 зач.; 16:13-19","",""
2026-06-30,Tue,"Собор 12-ти апостолів","1 Кор.; 131 зач.; 4:9-16","Мф.; 30 зач.; 9:9-13","",""
2026-07-01,Wed,"","1 Кор.; 153 зач.; 12:27-13:8","Мф.; 34 (від пол.) зач.; 10:1,5-8","",""
2026-07-02,Thu,"","Євр.; 320 зач.; 9:1-7; Рим.; 118 зач.; 15:17-29","Лк.; 54 зач.; 10:38-42, 11:27-28; Мф.; 49 зач.; 12:46-13:3","",""
2026-07-03,Fri,"Мч. Якинта. Свт. Анатолія, патр. Константинопольського","Рим.; 120 зач.; 16:1-16","Мф.; 50 зач.; 13:3-9","",""
2026-07-04,Sat,"Свт. Андрія, архієп. Критського. Прп. Марфи","Рим.; 97 зач.; 8:14-21","Мф.; 30 зач.; 9:9-13","",""
2026-07-05,Sun,"","Рим.; 103 зач.; 10:1-10; Гал.; 213 зач.; 5:22-6:2","Мф.; 28 зач.; 8:28-9:1; Лк.; 24 зач.; 6:17-23","Єв. 5-е: Лк., 113 зач., XXIV, 12-35",""
2026-07-06,Mon,"Прп. Сисоя Великого","Рим.; 121 зач.; 16:17-24","Мф.; 51 зач.; 13:10-23","",""
2026-07-07,Tue,"Прп. Фоми, що в Малеї. Прп. Акакія","1 Кор.; 122 зач.; 1:1-9","Мф.; 52 зач.; 13:24-30","",""
2026-07-08,Wed,"","2 Тим.; 292 зач.; 2:1-10; 1 Кор.; 127 зач.; 2:9-3:8","Мф.; 39 зач.; 10:37-11:1; Мф.; 53 зач.; 13:31-36","",""
2026-07-09,Thu,"Сщмч. Панкратія, єп. Тавроменійського","1 Кор.; 129 зач.; 3:18-23","Мф.; 54 зач.; 13:36-43","",""
2026-07-10,Fri,"Прп. Антонія Печерського","Гал.; 213 зач.; 5:22 - 6:2; 1 Кор.; 130 (від пол.) зач.; 4:5-8","Мф.; 10 зач.; 4:25 - 5:12; Мф.; 55 зач.; 13:44-54","",""
2026-07-11,Sat,"","Діян.; 37 зач.; 16:12-15, 17:1-4  , 39); Рим.; 100 зач.; 9:1-5","Лк.; 33 зач.; 7:36-50; Мф.; 32 зач.; 9:18-26","",""
2026-07-12,Sun,"Мчч. Прокла та Іларія. Прп. Михаїла Малеїна","Рим.; 110 зач.; 12:6-14","Мф.; 29 зач.; 9:1-8","Єв. 6-е: Лк., 114 зач., XXIV, 36-53",""
2026-07-13,Mon,"Собор архангела Гавриїла","Євр.; 315 зач.; 8:1-6; 1 Кор.; 134 зач.; 5:9-6:11","Лк.; 51 зач.; 10:16-21; Мф.; 56 зач.; 13:54-58","",""
2026-07-14,Tue,"Ап. від 70-ти Акили. Прп. Онисима чудотворця","1 Кор.; 136 зач.; 6:20-7:12","Мф.; 57 зач.; 14:1-13","",""
2026-07-15,Wed,"","Гал.; 200 зач.; 1:11-19; 1 Кор.; 137 зач.; 7:12-24","Ін.; 35 (від пол.) зач.; 10:1-9; Мф.; 60 зач.; 14:35-15:11","",""
2026-07-16,Thu,"Сщмч. Афіногена і десяти учнів його","1 Кор.; 138 зач.; 7:24-35","Мф.; 61 зач.; 15:12-21","",""
2026-07-17,Fri,"","2 Кор.; 181 зач.; 6:1-10; 1 Кор.; 139 зач.; 7:35-8:7","Лк.; 33 зач.; 7:36-50; Мф.; 63 зач.; 15:29-31","",""
2026-07-18,Sat,"Мч. Еміліана. Прп. Іоана Багатостраждального, Печерського","Рим.; 108 зач.; 12:1-3","Мф.; 39 зач.; 10:37-11:1","",""
2026-07-19,Sun,"","Рим.; 116 зач.; 15:1-7; Євр.; 334 зач.; 13:7-16","Мф.; 33 зач.; 9:27-35; Ін.; 56 зач.; 17:1-13","Єв. 7-е: Ін., 63 зач., XX, 1-10",""
2026-07-20,Mon,"Славного пророка Іллі (Ілії)","1 Кор.; 142 зач.; 9:13-18","Мф.; 65 зач.; 16:1-6","",""
2026-07-21,Tue,"Прпп. Симеона й Іоана. Прор. Єзекіїля","1 Кор.; 144 зач.; 10:5-12","Мф.; 66 зач.; 16:6-12","",""
2026-07-22,Wed,"Рівноап. Марії Магдалини. Сщмч. Фоки","1 Кор.; 145 зач.; 10:12-22","Мф.; 68 зач.; 16:20-24","",""
2026-07-23,Thu,"Мчч. Трохима, Феофіла і з ними 13-ти мучеників. Почаївської ікони Божої Матері","1 Кор.; 147 зач.; 10:28-11:7","Мф.; 69 зач.; 16:24-28","",""
2026-07-24,Fri,"","Рим.; 99 зач.; 8:28-39; 1 Кор.; 148 зач.; 11:8-22","Ін.; 52 зач.; 15:17-16:2; Мф.; 71 зач.; 17:10-18","",""
2026-07-25,Sat,"Успіння праведної Анни, матері Пресвятої Богородиці","Рим.; 111 зач.; 13:1-10","Мф.; 47 зач.; 12:30-37","",""
2026-07-26,Sun,"Сщмчч. Єрмолая та інших. Прп. Мойсея Угрина, Печерського","1 Кор.; 124 зач.; 1:10-18","Мф.; 58 зач.; 14:14-22","Єв. 8-е: Ін., 64 зач., XX, 11-18",""
2026-07-27,Mon,"Вмч. і цілителя Пантелеймона. Прп. Миколи Святоші","1 Кор.; 150 зач.; 11:31-12:6","Мф.; 74 зач.; 18:1-11","",""
2026-07-28,Tue,"Апп. від 70-ти: Прохора, Никанора, Тимона і Пармена","1 Кор.; 152 зач.; 12:12-26","Мф.; 76 зач.; 18:18-22, 19:1-2, 13-15","",""
2026-07-29,Wed,"Мч. Калліника. Мц. Серафими","1 Кор.; 154 зач.; 13:4-14:5","Мф.; 80 зач.; 20:1-16","",""
2026-07-30,Thu,"Апп. від 70-ти: Сили, Силуана, Крискента та ін.. Мч. Іоана Воїна","1 Кор.; 155 зач.; 14:6-19","Мф.; 81 зач.; 20:17-28","",""
2026-07-31,Fri,"","Гал.; 213 зач.; 5:22-6:2; 1 Кор.; 157 зач.; 14:26-40","Мф.; 43 зач.; 11:27-30; Мф.; 83 (від пол.) зач.; 21:12-14, 17-20","",""
2026-08-01,Sat,"","1 Кор.; 125 зач.; 1:18-24; Рим.; 113 зач.; 14:6-9","Ін.; 60 зач.; 19:6-11, 13-20, 25-28, 30 (від пол.)-35; Мф.; 64 зач.; 15:32-39","",""
2026-08-02,Sun,"","1 Кор.; 128 зач.; 3:9-17","Мф.; 59 зач.; 14:22-34","Єв. 9-е: Ін., 65 зач., XX, 19-31",""
2026-08-03,Mon,"","Гал.; 213 зач.; 5:22-6:2; 1 Кор.; 159 зач.; 15:12-19","Мф.; 10 зач.; 4:25-5:12; Мф.; 84 зач.; 21:18-22","",""
2026-08-04,Tue,"Сми мучеників, що в Ефесі. Прпмц. Євдокії","1 Кор.; 161 зач.; 15:29-38","Мф.; 85 зач.; 21:23-27","",""
2026-08-05,Wed,"Передсвято Преображення Господнього. Мч. Євсигнія","1 Кор.; 165 зач.; 16:4-12","Мф.; 86 зач.; 21:28-32","",""
2026-08-06,Thu,"Преображення Господнє","2 Пет.; 65 зач.; 1:10-19","Мф.; 70 зач.; 17:1-9","[Feast]: Лк. 45 зач.; 9:28-36",""
2026-08-07,Fri,"Післясвято Преображення","2 Кор.; 169 зач.; 1:12-20","Мф.; 91 зач.; 22:23-33","",""
2026-08-08,Sat,"Післясвято Преображення","Рим.; 119 зач.; 15:30-33","Мф.; 73 зач.; 17:24-18:4","",""
2026-08-09,Sun,"Післясвято Преображення","1 Кор.; 131 зач.; 4:9-16","Мф.; 72 зач.; 17:14-23","Єв. 10-е: Ін., 66 зач., XXI, 1-14",""
2026-08-10,Mon,"Післясвято Преображення","2 Кор.; 171 зач.; 2:3-15","Мф.; 94 зач.; 23:13-22","",""
2026-08-11,Tue,"Післясвято Преображення","2 Кор.; 172 зач.; 2:14-3:3","Мф.; 95 зач.; 23:23-28","",""
2026-08-12,Wed,"Післясвято Преображення","2 Кор.; 173 зач.; 3:4-11","Мф.; 96 зач.; 23:29-39","",""
2026-08-13,Thu,"Віддання свята Преображення","2 Кор.; 175 зач.; 4:1-6","Мф.; 99 зач.; 24:13-28","",""
2026-08-14,Fri,"Передсвято Успіння. Перенесення чесного хреста","2 Кор.; 177 зач.; 4:13-18","Мф.; 100 зач.; 24:27-33, 42-51","",""
2026-08-15,Sat,"Успіння Пресвятої Богородиці","Флп.; 240 зач.; 2:5-11","Лк.; 54 зач.; 10:38-42 11:27-28","[Feast]: Лк. 4 зач.; 1:39-49, 56",""
2026-08-16,Sun,"Післясвято Успіння","1 Кор.; 141 зач.; 9:2-12","Мф.; 77 зач.; 18:23-35","Єв. 11-е: Ін., 67 зач., XXI, 15-25",""
2026-08-17,Mon,"Післясвято Успіння","2 Кор.; 179 зач.; 5:10-15","Мк.; 2 зач.; 1:9-15","",""
2026-08-18,Tue,"Післясвято Успіння","2 Кор.; 180 зач.; 5:15-21","Мк.; 3 зач.; 1:16-22","",""
2026-08-19,Wed,"Післясвято Успіння","2 Кор.; 182 зач.; 6:11-16","Мк.; 4 зач.; 1:23-28","",""
2026-08-20,Thu,"Післясвято Успіння","2 Кор.; 183 зач.; 7:1-10","Мк.; 5 зач.; 1:29-35","",""
2026-08-21,Fri,"Післясвято Успіння","2 Кор.; 184 зач.; 7:10-16","Мк.; 9 зач.; 2:18-22","",""
2026-08-22,Sat,"Післясвято Успіння","1 Кор.; 125 (від пол.) зач.; 1:26-29","Мф.; 82 зач.; 20:29-34","",""
2026-08-23,Sun,"Віддання свята Успіння","1 Кор.; 158 зач.; 15:1-11","Мф.; 79 зач.; 19:16-26","Єв. 1-е: Мф., 116 зач., XXVIII, 16-20",""
2026-08-24,Mon,"","Євр.; 318 зач.; 7:26-8:2; 2 Кор.; 186 зач.; 8:7-15","Ін.; 36 зач.; 10:9-16; Мк.; 11 зач.; 3:6-12","",""
2026-08-25,Tue,"","Тит.; 300 зач.; 1:1-4,2:15-3:3,12-13,15; 2 Кор.; 187 зач.; 8:16-9:5","Мф.; 11 зач.; 5:14-19; Мк.; 12 зач.; 3:13-19","",""
2026-08-26,Wed,"Мчч. Адріана і Наталії","2 Кор.; 189 зач.; 9:12-10:7","Мк.; 13 зач.; 3:19-27","",""
2026-08-27,Thu,"","Гал.; 213 зач.; 5:22-6:2; 2 Кор.; 190 зач.; 10:7-18","Мф.; 10 зач.; 4:25-5:12; Мк.; 14 зач.; 3:28-35","",""
2026-08-28,Fri,"Прп. Мойсея Мурина. Собор преподобних отців Києво-Печерських, що в Дальніх печерах","2 Кор.; 192 зач.; 11:5-21","Мк.; 15 зач.; 4:1-9","",""
2026-08-29,Sat,"Усікновення глави Іоана Предтечі","Діян.; 33 зач.; 13:25-33","Мк.; 24 зач.; 6:14-30","[Feast]: Мт. 57 зач.; 14:1-13",""
2026-08-30,Sun,"Свтт. Олександра, Іоана і Павла Нового, патріархів Константинопольських","1 Кор.; 166 зач.; 16:13-24","Мф.; 87 зач.; 21:33-42","Єв. 2-е: Мк., 70 зач., XVI, 1-8",""
2026-08-31,Mon,"Покладення чесного пояса Пресвятої Богородиці","2 Кор.; 195 зач.; 12:10-19","Мк.; 16 зач.; 4:10-23","",""
2026-09-01,Tue,"","1 Тим.; 282 зач.; 2:1-7; 2 Кор.; 196 зач.; 12:20-13:2","Лк.; 13 зач.; 4:16-22; Мк.; 17 зач.; 4:24-34","",""
2026-09-02,Wed,"Мч. Маманта. Прпп. Антонія і Феодосія Печерських","2 Кор.; 197 зач.; 13:3-14","Мк.; 18 зач.; 4:35-41","",""
2026-09-03,Thu,"Сщмч. Анфима, єп. Нікомидійського. Прп. Феоктиста","Гал.; 198 зач.; 1:1-10, 20-2:5","Мк.; 19 зач.; 5:1-20","",""
2026-09-04,Fri,"Сщмч. Вавили, єп. Великої Антіохії. Прор. Мойсея Боговидця","Гал.; 201 зач.; 2:6-10","Мк.; 20 зач.; 5:22-24, 35-6:1","",""
2026-09-05,Sat,"Прор. Захарії і прав. Єлисавети, батьків Іоана Предтечі","1 Кор.; 130 зач.; 4:1-5","Мф.; 93 зач.; 23:1-12","",""
2026-09-06,Sun,"","2 Кор.; 170 зач.; 1:21-2:4","Мф.; 89 зач.; 22:2-14","Єв. 3-є: Мк., 71 зач., XVI, 9-20",""
2026-09-07,Mon,"Передсвято Різдва Богородиці","Гал.; 202 зач.; 2:11-16","Мк.; 21 зач.; 5:24-34","",""
2026-09-08,Tue,"Різдво Пресвятої Богородиці","Флп.; 240 зач.; 2:5-11","Лк.; 54 зач.; 10:38-42 11:27-28","[Feast]: Лк. 4 зач.; 1:39-49, 56",""
2026-09-09,Wed,"Післясвято Різдва Богородиці. Свв. Богоотців Іоакима й Анни","Гал.; 207 зач.; 3:15-22","Мк.; 23 зач.; 6:7-13","",""
2026-09-10,Thu,"Післясвято Різдва Богородиці","Гал.; 208 зач.; 3:23-4:5","Мк.; 25 зач.; 6:30-45","",""
2026-09-11,Fri,"Післясвято Різдва Богородиці","Гал.; 210 зач.; 4:8-21","Мк.; 26 зач.; 6:45-53","",""
2026-09-12,Sat,"Передсвято Воздвиження. Віддання Різдва Богородиці","1 Кор.; 132 зач.; 4:17-5:5","Мф.; 97 зач.; 24:1-13","",""
2026-09-13,Sun,"Неділя перед Воздвиженням. Оновлення храму","2 Кор.; 176 зач.; 4:6-15; Гал.; 215 зач.; 6:11-18","Мф.; 92 зач.; 22:35-46; Ін.; 10 зач.; 3:13-17","Єв. 4-е: Лк., 112 зач., XXIV, 1-12",""
2026-09-14,Mon,"Воздвиження Чесного Хреста Господнього","1 Кор.; 125 зач.; 1:18-24","Ін.; 60 зач.; 19:6-11, 13-20, 25-28, 30-35","[Feast]: Ін. 42 зач. (від пол.); 12:28-36",""
2026-09-15,Tue,"Післясвято Воздвиження","Гал.; 212 зач.; 5:11-21","Мк.; 28 зач.; 7:5-16","",""
2026-09-16,Wed,"Післясвято Воздвиження","Гал.; 214 зач.; 6:2-10","Мк.; 29 зач.; 7:14-24","",""
2026-09-17,Thu,"Післясвято Воздвиження","Еф.; 216 зач.; 1:1-9","Мк.; 30 зач.; 7:24-30","",""
2026-09-18,Fri,"Післясвято Воздвиження","Еф.; 217 зач.; 1:7-17","Мк.; 32 зач.; 8:1-10","",""
2026-09-19,Sat,"Післясвято Воздвиження","1 Кор.; 146 зач.; 10:23-28","Мф.; 101 зач.; 24:34-44","",""
2026-09-20,Sun,"Неділя після Воздвиження. Вмч. Євстафія","2 Кор.; 181 зач.; 6:1-10; Гал.; 203 зач.; 2:16-20","Мф.; 105 зач.; 25:14-30; Мк.; 37 зач.; 8:34-9:1","Єв. 5-е: Лк., 113 зач., XXIV, 12-35",""
2026-09-21,Mon,"Віддання свята Воздвиження","Еф.; 219 зач.; 1:22-2:3","Мк.; 48 зач.; 10:46-52","",""
2026-09-22,Tue,"Прор. Іони. Сщмч. Фоки, єп. Синопського","Еф.; 222 зач.; 2:19-3:7","Мк.; 50 зач.; 11:11-23","",""
2026-09-23,Wed,"Зачаття чесного, славного Пророка, Предтечі і Хрестителя Господнього Іоана","Еф.; 223 зач.; 3:8-21","Мк.; 51 зач.; 11:22-26","",""
2026-09-24,Thu,"Первомучениці рівноап. Фекли","Еф.; 225 зач.; 4:14-19","Мк.; 52 зач.; 11:27-33","",""
2026-09-25,Fri,"Прп. Єфросинії","Еф.; 226 зач.; 4:17-25","Мк.; 53 зач.; 12:1-12","",""
2026-09-26,Sat,"Упокоєння апостола і євангеліста Іоана Богослова","1 Кор.; 156 зач.; 14:20-25","Мф.; 104 зач.; 25:1-13","",""
2026-09-27,Sun,"","2 Кор.; 182 (від пол.) зач.; 6:16-7:1","Мф.; 62 зач.; 15:21-28","Єв. 6-е: Лк., 114 зач., XXIV, 36-53",""
2026-09-28,Mon,"Прп. Харитона Сповідника. Собор преподобних отців Києво-Печерських, що в Ближніх печерах","Еф.; 227 зач.; 4:25-32","Лк.; 10 зач.; 3:19-22","",""
2026-09-29,Tue,"Прп. Киріака відлюдника","Еф.; 230 зач.; 5:20-26","Лк.; 11 зач.; 3:23-4:1","",""
2026-09-30,Wed,"Сщмч. Григорія, єп. Вірменського. Свт. Михаїла, першого митрополита Київського","Еф.; 231 зач.; 5:25-33","Лк.; 12 зач.; 4:1-15","",""
2026-10-01,Thu,"Покрова Пресвятої Богородиці","Євр.; 320 зач.; 9:1-7","Лк.; 54 зач.; 10:38-42 11:27-28","[Feast]: Лк. 4 зач.; 1:39-49, 56",""
2026-10-02,Fri,"","1 Тим.; 280 зач.; 1:12-17; Еф.; 234 зач.; 6:18-24","Ін.; 36 зач.; 10:9-16; Лк.; 14 зач.; 4:22-30","",""
2026-10-03,Sat,"","Діян.; 40 зач.; 17:16-34; 1 Кор.; 162 зач.; 15:39-45","Мф.; 55 зач.; 13:44-54; Лк.; 15 зач.; 4:31-36","",""
2026-10-04,Sun,"Сщмч. Єрофея, єп. Афінського. Віднайдення мощей свтт. Гурія і Варсонофія","2 Кор.; 188 зач.; 9:6-11","Лк.; 17 зач.; 5:1-11","Єв. 7-е: Ін., 63 зач., XX, 1-10",""
2026-10-05,Mon,"Мц. Харитини. Прпп. Даміана, Єремії і Матфея Печерських","Флп.; 235 зач.; 1:1-7","Лк.; 16 зач.; 4:37-44","",""
2026-10-06,Tue,"","1 Кор.; 131 зач.; 4:9-16; Флп.; 236 зач.; 1:8-14","Ін.; 65 зач.; 20:19-31; Лк.; 18 зач.; 5:12-16","",""
2026-10-07,Wed,"","Євр.; 330 зач.; 11:33-12:2; Флп.; 237 зач.; 1:12-20","Лк.; 106 зач.; 21:12-19; Лк.; 21 зач.; 5:33-39","",""
2026-10-08,Thu,"","Євр.; 334 зач.; 13:7-16; Флп.; 238 зач.; 1:20-27","Ін.; 56 зач.; 17:1-13; Лк.; 23 зач.; 6:12-19","",""
2026-10-09,Fri,"","Євр.; 334 зач.; 13:7-16; Флп.; 239 зач.; 1:27-2:4","Ін.; 56 зач.; 17:1-13; Лк.; 24 зач.; 6:17-23","",""
2026-10-10,Sat,"","Євр.; 334 зач.; 13:7-16; 1 Кор.; 164 зач.; 15:58-16:3","Ін.; 56 зач.; 17:1-13; Лк.; 19 зач.; 5:17-26","",""
2026-10-11,Sun,"","2 Кор.; 194 зач.; 11:31-12:9; Євр.; 334 зач.; 13:7-16","Лк.; 26 зач.; 6:31-36; Ін.; 56 зач.; 17:1-13","Єв. 8-е: Ін., 64 зач., XX, 11-18",""
2026-10-12,Mon,"","Євр.; 334 зач.; 13:7-16; Флп.; 241 зач.; 2:12-16","Ін.; 56 зач.; 17:1-13; Лк.; 25 зач.; 6:24-30","",""
2026-10-13,Tue,"","Євр.; 334 зач.; 13:7-16; Флп.; 240 зач.; 2:5-11; Флп.; 242 зач.; 2:16-23","Ін.; 56 зач.; 17:1-13; Лк.; 54 зач.; 10:38-42,11:27-28; Лк.; 27 зач.; 6:37-45","",""
2026-10-14,Wed,"","Євр.; 334 зач.; 13:7-16; Флп.; 243 зач.; 2:24-30","Ін.; 56 зач.; 17:1-13; Лк.; 28 зач.; 6:46-7:1","",""
2026-10-15,Thu,"Прп. Євфимія Нового. Прпмч. Лукіана, пресвітера Антиохійського","Флп.; 244 зач.; 3:1-8","Лк.; 31 зач.; 7:17-30","",""
2026-10-16,Fri,"","2 Тим.; 292 зач.; 2:1-10; Флп.; 245 зач.; 3:8-19","Мф.; 113 зач.; 27:33-54; Лк.; 32 зач.; 7:31-35","",""
2026-10-17,Sat,"Прор. Осії. Прмч. Андрія Критського","2 Кор.; 168 зач.; 1:8-11","Лк.; 20 зач.; 5:27-32","",""
2026-10-18,Sun,"","Гал.; 200 зач.; 1:11-19; Кол.; 260 (від пол.) зач.; 4:5-9, 14, 18","Лк.; 30 зач.; 7:11-16; Лк.; 51 зач.; 10:16-21","Єв. 9-е: Ін., 65 зач., XX, 19-31",""
2026-10-19,Mon,"Прор. Іоїля. Мч. Уара. Прп. Іоана Рильського","Флп.; 248 зач.; 4:10-23","Лк.; 33 зач.; 7:36-50","",""
2026-10-20,Tue,"","2 Тим.; 292 зач.; 2:1-10; Кол.; 249 зач.; 1:1-2, 7-11","Ін.; 52 зач.; 15:17-6:2; Лк.; 34 зач.; 8:1-3","",""
2026-10-21,Wed,"","2 Кор.; 188 зач.; 9:6-11; Кол.; 251 зач.; 1:18-23","Лк.; 24 зач.; 6:17-23; Лк.; 37 зач.; 8:22-25","",""
2026-10-22,Thu,"","Євр.; 318 зач.; 7:26-8:2; Кол.; 252 зач.; 1:24-29","Ін.; 36 зач.; 10:9-16; Лк.; 41 зач.; 9:7-11","",""
2026-10-23,Fri,"Апостола Якова, брата Господнього","Кол.; 253 зач.; 2:1-7","Лк.; 42 зач.; 9:12-18","",""
2026-10-24,Sat,"","Євр.; 330 зач.; 11:33-12:2; 2 Кор.; 174 зач.; 3:12-18","Мф.; 38 зач.; 10:32-33, 37-38, 19:27-30; Лк.; 22 зач.; 6:1-10","",""
2026-10-25,Sun,"","Гал.; 203 зач.; 2:16-20","Лк.; 35 зач.; 8:5-15","Єв. 10-е: Ін., 66 зач., XXI, 1-14",""
2026-10-26,Mon,"","2 Тим.; 292 зач.; 2:1-10; Кол.; 255 зач.; 2:13-20","Ін.; 52 зач.; 15:17-16:2; Лк.; 43 зач.; 9:18-22","",""
2026-10-27,Tue,"","Еф.; 233 зач.; 6:10-17; Кол.; 256 зач.; 2:20-3:3","Лк.; 106 зач.; 21:12-19; Лк.; 44 зач.; 9:23-27","",""
2026-10-28,Wed,"","2 Кор.; 181 зач.; 6:1-10; Кол.; 259 зач.; 3:17-4:1","Лк.; 33 зач.; 7:36-50; Лк.; 47 зач.; 9:44-50","",""
2026-10-29,Thu,"","Гал.; 213 зач.; 5:22-6:2; Кол.; 260 зач.; 4:2-9","Мф.; 43 зач.; 11:27-30; Лк.; 48 зач.; 9:49-56","",""
2026-10-30,Fri,"Сщмч. Зиновія, єп. Егейського, і сестри його Зиновії","Кол.; 261 зач.; 4:10-18","Лк.; 50 зач.; 10:1-15","",""
2026-10-31,Sat,"Апп. від 70-ти: Стахія, Амплія та ін.. Прпп. Спиридона і Никодима Печерських","2 Кор.; 178 зач.; 5:1-10","Лк.; 29 зач.; 7:1-10","",""
2026-11-01,Sun,"","Гал.; 215 зач.; 6:11-18","Лк.; 83 зач.; 16:19-31","Єв. 11-е: Ін., 67 зач., XXI, 15-25",""
2026-11-02,Mon,"","Еф.; 233 зач.; 6:10-17; 1 Сол.; 262 зач.; 1:1-5","Мф.; 36 зач.; 10:16-22; Лк.; 52 зач.; 10:22-24","",""
2026-11-03,Tue,"","Еф.; 233 зач.; 6:10-17; 1 Сол.; 263 зач.; 1:6-10","Лк.; 106 зач.; 21:12-19; Лк.; 55 зач.; 11:1-10","",""
2026-11-04,Wed,"","Гал.; 213 зач.; 5:22-6:2; 1 Сол.; 264 зач.; 2:1-8","Мф.; 10 зач.; 4:25-5:12; Лк.; 56 зач.; 11:9-13","",""
2026-11-05,Thu,"Мчч. Галактіона і Єпістимії","1 Сол.; 265 зач.; 2:9-14","Лк.; 57 зач.; 11:14-23","",""
2026-11-06,Fri,"","Гал.; 213 зач.; 5:22-6:2; 1 Сол.; 266 зач.; 2:14-19","Лк.; 24 зач.; 6:17-23; Лк.; 58 зач.; 11:23-26","",""
2026-11-07,Sat,"","Гал.; 213 зач.; 5:22-6:2; 2 Кор.; 185 зач.; 8:1-5","Мф.; 10 зач.; 4:25-5:12; Лк.; 36 зач.; 8:16-21","",""
2026-11-08,Sun,"Собор Архістратига Михаїла","Євр.; 305 зач.; 2:2-10; Еф.; 220 зач.; 2:4-10","Лк.; 51 зач.; 10:16-21; Лк.; 38 зач.; 8:26-39","Єв. 1-е: Мф., 116 зач., XXVIII, 16-20; [Feast]: Мф. 52 зач.; 13:24-30, 36-43",""
2026-11-09,Mon,"","Флп.; 240 зач.; 2:5-11; 1 Сол.; 267 зач.; 2:20-3:8","Лк.; 54 зач.; 10:38-42,11:27-28; Лк.; 59 зач.; 11:29-33","",""
2026-11-10,Tue,"Апп. від 70-ти: Ераста, Олімпа, Родіона та ін.","1 Сол.; 268 зач.; 3:9-13","Лк.; 60 зач.; 11:34-41","",""
2026-11-11,Wed,"","Еф.; 233 зач.; 6:10-17; 1 Сол.; 269 зач.; 4:1-12","Мф.; 38 зач.; 10:32-33, 37-38, 19:27-30; Лк.; 61 зач.; 11:42-46","",""
2026-11-12,Thu,"","Євр.; 311 зач.; 4:14-5:6; 1 Сол.; 271 зач.; 5:1-8","Лк.; 24 зач.; 6:17-23; Лк.; 62 зач.; 11:47-12:1","",""
2026-11-13,Fri,"Свт. Іоана Золотоустого, архієп. Константинопольського","1 Сол.; 272 зач.; 5:9-13, 24-28","Лк.; 63 зач.; 12:2-12","",""
2026-11-14,Sat,"","1 Кор.; 131 зач.; 4:9-16; 2 Кор.; 191 зач.; 11:1-6","Ін.; 5 зач.; 1:43-51; Лк.; 40 зач.; 9:1-6","",""
2026-11-15,Sun,"","Еф.; 221 зач.; 2:14-22","Лк.; 39 зач.; 8:41-56","Єв. 2-е: Мк., 70 зач., XVI, 1-8",""
2026-11-16,Mon,"","1 Кор.; 131 зач.; 4:9-16; 2 Сол.; 274 зач.; 1:1-10","Мф.; 30 зач.; 9:9-13; Лк.; 65 зач.; 12:13-15, 22-31","",""
2026-11-17,Tue,"","1 Кор.; 151 зач.; 12:7-11; 2 Сол.; 274 (від пол.) зач.; 1:10-2:2","Мф.; 34 (від пол.) зач.; 10:1, 5-8; Лк.; 68 зач.; 12:42-48","",""
2026-11-18,Wed,"Мчч. Платона і Романа","2 Сол.; 275 зач.; 2:1-12","Лк.; 69 зач.; 12:48-59","",""
2026-11-19,Thu,"","Кол.; 250 зач.; 1:3-18; 2 Сол.; 276 зач.; 2:13-3:5","Мф.; 11 зач.; 5:14-19; Лк.; 70 зач.; 13:1-9","",""
2026-11-20,Fri,"","Гал.; 213 зач.; 5:22-6:2; 2 Сол.; 277 зач.; 3:6-18","Мф.; 43 зач.; 11:27-30; Лк.; 73 зач.; 13:31-35","",""
2026-11-21,Sat,"Введення в храм Пресвятої Богородиці","Євр.; 320 зач.; 9:1-7","Лк.; 54 зач.; 10:38-42 11:27-28","[Feast]: Лк. 4 зач.; 1:39-49, 56",""
2026-11-22,Sun,"","Еф.; 224 зач.; 4:1-6","Лк.; 53 зач.; 10:25-37","Єв. 3-є: Мк., 71 зач., XVI, 9-20",""
2026-11-23,Mon,"","Гал.; 213 зач.; 5:22-6:2; Євр.; 318 зач.; 7:26-8:2; 1 Тим.; 278 зач.; 1:1-7","Мф.; 43 зач.; 11:27-30; Лк.; 24 зач.; 6:17-23; Лк.; 75 зач.; 14:12-15","",""
2026-11-24,Tue,"","Еф.; 233 зач.; 6:10-17; 1 Тим.; 279 зач.; 1:8-14","Лк.; 106 зач.; 21:12-19; Лк.; 77 зач.; 14:25-35","",""
2026-11-25,Wed,"","Євр.; 320 зач.; 9:1-7; 1 Тим.; 281 зач.; 1:18-20, 2:8-15","Лк.; 54 зач.; 10:38-42,11:27-28; Лк.; 78 зач.; 15:1-10","",""
2026-11-26,Thu,"","Євр.; 318 зач.; 7:26-8:2; 1 Тим.; 283 зач.; 3:1-13","Ін.; 36 зач.; 10:9-16; Лк.; 80 зач.; 16:1-9","",""
2026-11-27,Fri,"","Євр.; 320 зач.; 9:1-7; 1 Тим.; 285 зач.; 4:4-8, 16","Лк.; 54 зач.; 10:38-42, 11:27-28; Лк.; 82 зач.; 16:15-18, 17:1-4","",""
2026-11-28,Sat,"","2 Тим.; 291 зач.; 1:8-18; Гал.; 205 зач.; 3:8-12","Мф.; 37 зач.; 10:23-31; Лк.; 49 зач.; 9:57-62","",""
2026-11-29,Sun,"Мч. Парамона і з ним 370 мучеників","Еф.; 229 зач.; 5:8-19","Лк.; 66 зач.; 12:16-21","Єв. 4-е: Лк., 112 зач., XXIV, 1-12",""
2026-11-30,Mon,"Ап. Андрія Первозванного","1 Кор.; 131 зач.; 4:9-16","Ін.; 4 зач.; 1:35-51","[Feast]: Мф. 9 зач.; 4:18-23",""
2026-12-01,Tue,"Прор. Наума. Прав. Філарета Милостивого","1 Тим.; 286 зач.; 5:11-21","Лк.; 87 зач.; 17:26-37","",""
2026-12-02,Wed,"Прор. Авакума. Прпп. Афанасія і Іоана Печерських","1 Тим.; 287 зач.; 5:22-6:11","Лк.; 90 зач.; 18:15-17, 26-30","",""
2026-12-03,Thu,"","Гал.; 213 зач.; 5:22-6:2; 1 Тим.; 289 зач.; 6:17-21","Мф.; 10 зач.; 4:25-5:12; Лк.; 92 зач.; 18:31-34","",""
2026-12-04,Fri,"","Гал.; 208 зач.; 3:23-29; 2 Тим.; 290 зач.; 1:1-2, 8-18","Мк.; 21 зач.; 5:24 (від пол.)-34; Лк.; 95 зач.; 19:12-28","",""
2026-12-05,Sat,"","Гал.; 213 зач.; 5:22-6:2","Мф.; 43 зач.; 11:27-30; Лк.; 51 (від пол.) зач.; 10:19-21","",""
2026-12-06,Sun,"","Еф.; 233 зач.; 6:10-17; Євр.; 335 зач.; 13:17-21","Лк.; 71 зач.; 13:10-17; Лк.; 24 зач.; 6:17-23","Єв. 5-е: Лк., 113 зач., XXIV, 12-35",""
2026-12-07,Mon,"","2 Кор.; 176 зач.; 4:6-15; 2 Тим.; 294 зач.; 2:20-26","Лк.; 24 зач.; 6:17-23; Лк.; 97 зач.; 19:37-44","",""
2026-12-08,Tue,"Прп. Патапія","2 Тим.; 297 зач.; 3:16-4:4","Лк.; 98 зач.; 19:45-48","",""
2026-12-09,Wed,"Зачаття праведною Анною Пресвятої Богородиці. Ікони Божої Матері «Несподівана Радість»","2 Тим.; 299 зач.; 4:9-22","Лк.; 99 зач.; 20:1-8","",""
2026-12-10,Thu,"","Еф.; 233 зач.; 6:10-17; Тит.; 300 (від пол.) зач.; 1:5-2:1","Лк.; 106 зач.; 21:12-19; Лк.; 100 зач.; 20:9-18","",""
2026-12-11,Fri,"Прп. Даниїла Стовпника","Тит.; 301 зач.; 1:15-2:10","Лк.; 101 зач.; 20:19-26","",""
2026-12-12,Sat,"","Євр.; 335 зач.; 13:17-21; Еф.; 218 зач.; 1:16-23","Лк.; 24 зач.; 6:17-23; Лк.; 67 зач.; 12:32-40","",""
2026-12-13,Sun,"","Кол.; 250 зач.; 1:12-18; Еф.; 233 зач.; 6:10-17","Лк.; 76 зач.; 14:16-24; Лк.; 106 зач.; 21:12-19","Єв. 6-е: Лк., 114 зач., XXIV, 36-53",""
2026-12-14,Mon,"Мчч. Фирса, Левкія і Калліника","Євр.; 308 зач.; 3:5-11, 17-19","Лк.; 102 зач.; 20:27-44","",""
2026-12-15,Tue,"Сщмч. Єлевферія. Прп. Павла Латрського","Євр.; 310 зач.; 4:1-13","Лк.; 106 зач.; 21:12-19","",""
2026-12-16,Wed,"Прор. Аггея","Євр.; 312 зач.; 5:11-6:8","Лк.; 104 зач.; 21:5-7, 10-11, 20-24","",""
2026-12-17,Thu,"","Євр.; 330 зач.; 11:33-40; Євр.; 315 зач.; 7:1-6","Лк.; 62 зач.; 11:47-12:1; Лк.; 107 зач.; 21:28-33","",""
2026-12-18,Fri,"Мч. Севастіана і дружини його","Євр.; 317 зач.; 7:18-25","Лк.; 108 зач.; 21:37-22:8","",""
2026-12-19,Sat,"Мч. Воніфатія. Прп. Іллі Муромця, Печерського","Еф.; 220 (від пол.) зач.; 2:11-13","Лк.; 72 зач.; 13:18-29","",""
2026-12-20,Sun,"","Євр.; 328 зач.; 11:9-10, 17-23, 32-40","Мф.; 1 зач.; 1:1-25","Єв. 7-е: Ін., 63 зач., XX, 1-10",""
2026-12-21,Mon,"","Євр.; 318 зач.; 7:26-8:2; Євр.; 319 зач.; 8:7-13","Лк.; 24 зач.; 6:17-23; Мк.; 33 зач.; 8:11-21","",""
2026-12-22,Tue,"","Гал.; 208 зач.; 3:23-29; Євр.; 321 зач.; 9:8-10, 15-23","Лк.; 33 зач.; 7:36-50; Мк.; 34 зач.; 8:22-26","",""
2026-12-23,Wed,"","Еф.; 233 зач.; 6:10-17; Євр.; 323 зач.; 10:1-18","Лк.; 106 зач.; 21:12-19; Мк.; 36 зач.; 8:30-34","",""
2026-12-24,Thu,"Надвечір'я Різдва Христового (Різдвяний святвечір). Прмц. Євгенії","Євр.; 326 зач.; 10:35-11:7","Мк.; 39 зач.; 9:10-16","",""
2026-12-25,Fri,"Різдво Христове","Гал.; 209 зач.; 4:4-7","Мф.; 3 зач.; 2:1-12","[Feast]: Мф. 2 зач.; 1:18-25",""
2026-12-26,Sat,"","Євр.; 306 зач.; 2:11-18; Еф.; 228 зач.; 5:1-8","Мф.; 4 зач.; 2:13-23; Лк.; 74 зач.; 14:1-11","",""
2026-12-27,Sun,"","Гал.; 200 зач.; 1:11-19","Мф.; 4 зач.; 2:13-23","Єв. 8-е: Ін., 64 зач., XX, 11-18",""
2026-12-28,Mon,"","Рим.; 96 (від пол.) зач.; 8:3-9; Євр.; 329 зач.; 11:17-23, 27-31","Лк.; 51 (від пол.) зач.; 10:19-21; Мк.; 42 зач.; 9:42-10:1","",""
2026-12-29,Tue,"","2 Кор.; 180 зач.; 5:15-21; Євр.; 333 зач.; 12:25-26, 13:22-25","Мф.; 4 зач.; 2:13-23; Мк.; 43 зач.; 10:2-12","",""
2026-12-30,Wed,"Мц. Анісії. Прп. Зотика","Як.; 50 зач.; 1:1-18","Мк.; 44 зач.; 10:11-16","",""
2026-12-31,Thu,"Прп. Меланії Римлянки. Щедрий вечір","Як.; 51 зач.; 1:19-27","Мк.; 45 зач.; 10:17-27","",""
